idx,A_fr,Aq,NTU,eps,dp_hot,dp_cold,t_hot_out,t_cold_out,re_hot,re_cold,g2_hot,g2_cold,Aq/Ao_c,Aq/Ao_h,dW_Ex,dW_Eu,R_c/R_t,valid
0,1.0,16.0,0.22203118576043918,0.1971224071464782,0.006335108906316389,1.4912828749658047e-09,766.9692759877747,365.32091727328975,481851.72654809087,11666.295567199139,0.017637127749500346,4.0856739558684643e-07,183.27925233644862,18.99439524214104,0.0004074475832616614,-0.13483098225225762,0.3457989250195296,True
1,0.9326033468832199,16.0,0.2359543010985934,0.20798035404635098,0.008229324121578951,1.8198029749783018e-09,766.361678823527,370.9019019798244,516673.81224659923,12509.38633899197,0.02027841100871155,4.697532211674109e-07,196.52433475493282,20.367067420056674,0.0004319910383602836,-0.1348248951513331,0.3479828896939715,True
2,0.8697490026177833,16.0,0.25078443257553223,0.21937016251912891,0.010881374932545373,2.221039130390068e-09,765.7243193491068,376.7562635348322,554012.3933431443,13413.404938764805,0.023315244912816564,5.401020521478503e-07,210.72660248509862,21.83893880300113,0.0004605143004553429,-0.13159337455524575,0.35015551803565736,True
3,0.8111308307896871,16.0,0.2665824767879793,0.23130780158862155,0.014752047866623763,2.7111553002612254e-09,765.0563039578617,382.8922100165515,594049.3299693438,14382.75445138889,0.026806865937922322,6.209861126856637e-07,225.9552286503704,23.41717824194748,0.0004952711002502756,-0.1228846615447753,0.3523160032747697,True
4,0.7564633275546289,16.0,0.2834135191478974,0.24380829971887302,0.020769136193095727,3.3099181173668057e-09,764.3567916756904,389.31746605550074,636979.6247833222,15422.156160447375,0.030821381636815463,7.139831271051884e-07,242.28438532364004,25.109472660813605,0.0005408663563492464,-0.10410370321941201,0.3544635576571352,True
5,0.7054802310718643,16.0,0.3013471274928265,0.2568855063508461,0.031194033797876997,4.041502688068022e-09,763.6250075051524,396.03915026433486,683012.3727435911,16536.6725435723,0.03543709914475191,8.209070949851412e-07,259.7936047874582,26.924064496154763,0.000608708932031398,-0.06385920717283086,0.35659741349860935,True
6,0.657933224657568,16.0,0.32045766654683766,0.27055182960776936,0.054337622969721666,4.935473141287616e-09,762.8602571031498,403.06364041839345,732371.7795204496,17731.731929590653,0.040744052638281604,9.438436750307995e-07,278.5681669014956,28.869791842518637,0.000741701910618014,0.04085844248232367,0.35871682417497497,True
7,0.6135907273413173,16.0,0.3408246347238946,0.2848179498944726,0.07582278298662071,6.027984778000928e-09,762.0619428075513,410.3964262457589,785298.2535051495,19013.15493757392,0.046845759541717866,1.0851908679285692e-06,298.6995144639748,30.956131498993752,0.0008689839805849668,0.13977613242337977,0.36082106504508143,True
8,0.5722367659350217,16.0,0.3625330248725413,0.2996925095501247,-0.07430108815206715,7.363250231762208e-09,761.2295810038373,418.0419499087641,842049.576735525,20387.182826564247,0.053861239737810325,1.2477057917426125e-06,320.2856985901186,33.19324512661229,0.00015890431820613014,-0.5879714995895045,0.3629094343053056,False
9,0.533669923120631,16.0,0.38567371067567396,0.31518177924684876,0.11585876701507236,8.995330702532556e-09,760.3628207930182,426.00343453288025,902902.16044117,21860.50789405661,0.06192733716934194,1.434558462254339e-06,343.43185627686216,35.59202874142026,0.0011154515471375995,0.3291572935719129,0.36498125377376384,False
10,0.4977023564332111,16.0,0.4103438605422666,0.33128930246814764,-0.6974019757217547,1.099032109763698e-08,759.4614638861768,434.28270146862786,968152.3913233725,23440.30607129482,0.0712013891168051,1.649393627283945e-06,368.25072247983957,38.16416578427428,-0.0020161812553304978,-2.611379459752942,0.36703586960306545,False
11,0.46415888336127786,16.0,0.436647380959892,0.3480155201590229,-0.17991596827128786,1.342901767564797e-08,758.5254856085812,442.87997736173776,1038118.0751269641,25134.271874139016,0.0818642952190829,1.896401861134162e-06,394.8631791967521,40.92218402584522,-0.00024497401463323144,-1.0566321833908416,0.3690726529207428,False
12,0.43287612810830584,16.0,0.4646953914183605,0.36535737852023453,-0.48332846205744895,1.6410168113267787e-08,757.5550568470277,451.7936925594005,1113139.984535094,26950.65587973524,0.094124046101446,2.180401305924288e-06,423.39884423146583,43.87951658398828,-0.0013335561380285067,-2.072168001208009,0.3710910003968472,False
13,0.40370172585965547,16.0,0.4946067331664699,0.38330792392550606,-0.7353362100294705,2.0054432559035718e-08,756.5505667177683,461.0202728977101,1193583.5189260591,28898.30491151989,0.10821978044027646,2.506931654260808e-06,453.9967025064554,47.050567350669006,-0.0020752412307595077,-2.7361090024283836,0.37309033473853326,False
14,0.3764935806792468,16.0,0.5265085142264524,0.4018558900719686,-1.0115696095531401,2.450920799645928e-08,755.5126456690583,470.55392749699183,1279840.4840761516,30986.705128282712,0.12442644960161496,2.8823622064703833e-06,486.80578299844404,50.45078114711148,-0.0027728632912049998,-3.335883625492863,0.3750701051117912,False
15,0.3511191734215131,16.0,0.5605366932650212,0.4209852837250155,-1.323107527751005,2.9954495328610165e-08,754.442188662356,480.38643583465796,1372331.0004766823,33226.02822715674,0.14306018084196062,3.314016110159376e-06,521.9858845943019,54.096718948864016,-0.003452906067977665,-3.8974944356940635,0.37702978749080046,False
16,0.32745491628777285,16.0,0.5968367051067865,0.4406749767769964,-1.6775805044796046,3.6610035225592696e-08,753.3403780002102,490.50693806337614,1471505.5495597797,35627.18098556995,0.16448444368590934,3.810313205516535e-06,559.7083544025332,58.00613854717162,-0.004123832683519893,-4.429771473780047,0.3789688849356883,False
17,0.30538555088334157,16.0,0.6355641308761492,0.46089831378518653,-2.0823646318906777,4.47439756356971e-08,752.2087052879457,500.9017332855858,1577847.1677992386,38201.858383456085,0.1891171397619791,4.380934262699006e-06,600.1569223111737,62.19808103952163,-0.004789360394491351,-4.936983814024853,0.38088692779976524,False
18,0.2848035868435802,16.0,0.6768854159685576,0.48162274565954166,-2.5453760914548127,5.468339137060241e-08,751.0489919320394,511.5540912690044,1691873.7993729461,40962.600564460234,0.21743875439094684,5.037009814915803e-06,643.5285958568676,66.69296357062082,-0.005451417999164253,-5.421664113872015,0.3827834738675853,False
19,0.2656087782946686,16.0,0.7209786392822688,0.5028095016958131,-3.075424277045922,6.682704101201864e-08,749.8634074927382,522.4440838716479,1814140.81884568,43922.85391357228,0.2500017289315613,5.7913372705865015e-06,690.0346197636476,71.5126787755053,-0.0061111175696726555,-5.885541165137413,0.38465810842543613,False
20,0.24770763559917108,16.0,0.768034337388609,0.524413313643792,-3.6824511403745195,8.166082166027877e-08,748.654485124856,533.548443212909,1945243.7361591903,47097.03654867141,0.28744123670059113,6.658630539564462e-06,739.9015048249161,76.68070140912766,-0.0067691478203111685,-6.329919663129287,0.38651044426610215,False
21,0.23101297000831597,16.0,0.8182563875833815,0.5463822068999888,-4.377743163254548,9.977647397185763e-08,747.4251332623705,544.8404543465942,2085821.0971043974,50500.608544962546,0.3304875726622811,7.655807042633236e-06,793.3721311398705,82.2222026817684,-0.007425956346202231,-6.7558576819187115,0.38834012162996195,False
22,0.21544346900318834,16.0,0.8718629540457936,0.5686573751411914,-5.1741461929342165,1.218941980685173e-07,746.1786426337734,556.2898908225724,2236557.5934026567,54150.1472343378,0.3799803985604753,8.802317702682823e-06,850.7069310777589,88.16417285714955,-0.00808184249153058,-7.164258313763663,0.3901468080846826,False
23,0.20092330025650468,16.0,0.9290875016354663,0.591173155677867,-6.086296679969466,1.4888997323936337e-07,744.9186876412629,567.8630020184236,2398187.3975439607,58063.427946413365,0.4368851213589262,1.0120526354372898e-05,912.185157731676,94.5355527103737,-0.008737008154250587,-7.555920785606914,0.39193019834594556,False
24,0.1873817422860384,16.0,0.9901798821842125,0.6138571233974047,-7.130877117054595,1.8182852734582866e-07,743.6493211037971,579.522561426266,2571497.738624629,62259.51058449722,0.502311724467614,1.1636145973047384e-05,978.1062450399926,101.36737448596287,-0.009391587146861433,-7.931570814480065,0.3936900140418037,False
25,0.17475284000076838,16.0,1.0554074984889001,0.6366303212657853,-8.326901369782501,2.2200308436026717e-07,742.3749613585081,591.2279851306135,2757332.7366008596,66758.83245816115,0.5775364190769393,1.3378740231980417e-05,1048.7912661999812,108.69291304254352,-0.010045662930405706,-8.291879604059355,0.39542600342339745,False
26,0.16297508346206444,16.0,1.125056551586572,0.6594076448288706,-9.696034858549353,2.709832485070507e-07,741.1003707444902,602.9355294420395,2956597.5136331255,71583.30782456504,0.6640265379306689,1.5382300171328612e-05,1124.5844974769432,116.54784792033776,-0.010699279737890846,-8.637476274251819,0.3971379410248774,False
27,0.15199110829529336,16.0,1.199433377294885,0.6820983968576237,-11.26295439624979,3.3067263638386635e-07,739.8306245655434,614.5985759848186,3170262.6025460204,76756.4346233562,0.7634691571155267,1.7685907227292864e-05,1205.8550950254776,124.9704371208222,-0.011352449803885896,-8.968956305743681,0.3988256272754757,False
28,0.1417474162926805,16.0,1.2788658784317914,0.7046070260659048,-13.05575259255215,4.033781997314634e-07,738.5710697524493,626.168011397875,3399368.673875239,82303.40892500315,0.8778040041639901,2.0334495554535346e-05,1292.9988928899631,134.00170344495982,-0.012005158245233226,-9.2868874557692,0.4004888880667389,False
29,0.1321941148466029,16.0,1.3637050595903448,0.7268340605462617,-15.106391961886054,4.918935592179707e-07,737.3272726290667,637.5927071207784,3645031.604525119,88251.24764999276,1.0092612943756907,2.3379728511711176e-05,1386.4403309415443,143.68563429757822,-0.012657366507864901,-9.591813998277427,0.4021275742779926,False
30,0.12328467394420659,16.0,1.4543266718397803,0.7486772420789722,-17.45121414675934,5.995991381180232e-07,736.1049554378139,648.8201024285918,3908447.912723982,94628.92015660284,1.1604052333926245,2.688100640683983e-05,1486.634522141763,154.06939593105545,-0.013309014939269243,-9.884259804666625,0.40374156126314537,False
31,0.11497569953977356,16.0,1.5511329752550134,0.7700328616546338,-20.13150994529275,7.305824547554352e-07,734.9099216054899,659.7968908904818,4190900.58574859,101467.4893381572,1.3341840345893121,3.090662515959544e-05,1594.0694692015925,165.2035631718014,-0.013960024836018398,-10.164730586310377,0.4053307483019512,False
32,0.10722672220103231,16.0,1.6545546277460104,0.7907972893309887,-23.194156075263955,8.897826233589257e-07,733.7479701343947,670.4698067161281,4493765.328802076,108800.2629169879,1.533987426917036,3.553510848138051e-05,1709.2684414322619,177.14236574843443,-0.01461030018542626,-10.433715504282532,0.40689505801885906,False
33,0.1,16.0,1.765052709268853,0.8108686828994851,-26.69232477968128,1.0831639596364795e-06,732.6247999874803,680.7865030103353,4818517.265480909,116662.95567199138,1.7637127749500348,4.0856739558684654e-05,1832.7925233644862,189.9439524214104,-0.01525972923528277,-10.691688281693413,0.40843443577255123,False
34,0.093260334688322,16.0,1.8831208911547366,0.8301488498307223,-30.686272438744744,1.317924639421264e-06,731.5459058962059,690.6965088129912,5166738.122465992,125093.86338991967,2.027841100871155,4.6975322116741067e-05,1965.2433475493278,203.6706742005667,-0.015908185966890108,-10.939107911583118,0.40994884901925377,False
35,0.08697490026177834,16.0,2.0092877609947593,0.8485452257814451,-35.2442132484162,1.602747631945789e-06,730.5164676457549,700.1522460516627,5540123.933431443,134134.04938764803,2.3315244912816557,5.4010205214785025e-05,2107.266024850986,218.38938803001125,-0.016555531503882868,-11.17641902797804,0.41143828665284543,False
36,0.08111308307896872,16.0,2.1441193142706223,0.865972920911954,-40.4432836920833,1.948102727356016e-06,729.5412355656647,709.1100813487443,5940493.299693437,143827.54451388883,2.6806865937922306,6.209861126856634e-05,2259.5522865037033,234.17178241947468,-0.017201615456782372,-11.404051993381533,0.41290275832474205,False
37,0.07564633275546287,16.0,2.288221624727876,0.8823567729022916,-46.37060288732587,2.3666104274067123e-06,728.6244156456022,717.5313812717778,6369796.247833223,154221.56160447377,3.082138163681548,7.139831271051888e-05,2422.8438532364007,251.09472660813609,-0.01784627717784266,-11.622422748882348,0.4143422937464587,False
38,0.07054802310718641,16.0,2.442243706353089,0.8976333336085084,-53.1244328313356,2.873480883014423e-06,727.7695583645573,725.3835334747732,6830123.727435912,165366.72543572303,3.543709914475192,8.209070949851415e-05,2597.936047874583,269.2406449615477,-0.018489346881021745,-11.831932470787999,0.4157569419776745,False
39,0.0657933224657568,16.0,2.6068805807434368,0.911752705745872,-60.815440965740876,3.4870440308587547e-06,726.9794559123412,732.6408907533782,7323717.795204496,177317.31929590652,4.074405263828162,9.438436750307997e-05,2785.6816690149567,288.6979184251864,-0.019130646567339576,-12.032967078513382,0.41714677070253237,False
40,0.06135907273413173,16.0,2.7828765646512497,0.9246801380383757,-69.56806517026382,4.229390715648762e-06,726.2560529270105,739.2855909517251,7852982.535051495,190131.5493757392,4.684575954171787,0.00010851908679285695,2986.995144639748,309.56131498993756,-0.01976999068646787,-12.225896641045479,0.41851186549681096,False
41,0.05722367659350217,16.0,2.9710287935518087,0.936397283342011,-79.52197806856196,5.127149032224665e-06,725.6003760918575,745.3082036377937,8420495.767355252,203871.82826564243,5.386123973781034,0.00012477057917426127,3202.856985901186,331.93245126612294,-0.020407186461336164,-12.411074732510864,0.419852329088497,False
42,0.0533669923120631,16.0,3.172190998225403,0.9469030258441478,-90.83364313043114,6.212425512019948e-06,725.0124878463652,750.708155283892,9029021.6044117,218605.07894056608,6.192733716934193,0.00014345584622543387,3434.318562768621,355.92028741420256,-0.02104203380394734,-12.588837790112436,0.4211682806141802,False
43,0.049770235643321115,16.0,3.387277552569781,0.9562137920214415,-103.67794915941053,7.523947305410061e-06,724.4914689853903,755.4938890990209,9681523.913233723,234403.0607129482,7.120138911680507,0.00016493936272839445,3682.5072247983953,381.64165784274275,-0.021674324757259084,-12.759504528926811,0.4224598548735697,False
44,0.046415888336127774,16.0,3.6172678121727455,0.9643632767864698,-118.24990196116781,9.108449353423254e-06,724.0354339836562,759.6827242682455,10381180.751269644,251342.71874139024,8.186429521908298,0.0001896401861134163,3948.6317919675225,409.22184025845235,-0.022303842409153136,-12.923375466765432,0.4237272015843186,False
45,0.04328761281083057,16.0,3.8632107645829934,0.971401541792916,-134.76634179490998,1.1022359936330162e-05,723.64158145347,763.3003924815588,11131399.845350942,269506.55879735254,9.412404610144605,0.00021804013059242895,4233.98844231466,438.7951658398829,-0.022930359238754822,-13.080732607620417,0.42497048463921233,False
46,0.040370172585965536,16.0,4.126230013727438,0.9773934769526547,-153.46764199528758,1.3333849201435655e-05,723.3062802363075,766.3802471536644,11935835.189260595,288983.049115199,10.821978044027654,0.000250693165426081,4539.967025064555,470.50567350669024,-0.023553634870546587,-13.231839323488446,0.42618988136765945,False
47,0.037649358067924674,16.0,4.407529122542183,0.9824166574331077,-174.61932714433993,1.6125318630377805e-05,723.0251893225674,768.9621619206173,12798404.840761518,309867.0512828272,12.442644960161504,0.0002882362206470384,4868.057829984441,504.50781147111485,-0.024173413225095794,-13.376940461305969,0.42738558180328823,False
48,0.03511191734215131,16.0,4.708397339620357,0.9865586739765482,-198.51352741689323,1.94964253634744e-05,722.7934072435731,771.0911584239458,13723310.004766826,332260.2822715675,14.306018084196067,0.0003314016110159377,5219.85884594302,540.9671894886402,-0.024789419063677796,-13.516262684552743,0.42855778795933636,False
49,0.03274549162877728,16.0,5.030215737541182,0.9899140601697357,-225.4701580376834,2.3567754363629234e-05,722.6056440177315,772.8158269272442,14715055.495597798,356271.8098556995,16.448444368590938,0.0003810313205516536,5597.083544025333,580.0613854717163,-0.025401353924493015,-13.650015038609482,0.42970671311338354,False
50,0.030538555088334154,16.0,5.37446379254027,0.9925809810340045,-255.83767771651947,2.8485274349510092e-05,722.4564064529004,774.1866242514784,15778471.677992389,382018.58383456094,18.911713976197916,0.00043809342626990075,6001.569223111737,621.9808103952165,-0.026008891437805062,-13.778389706640693,0.43083258110286193,False
51,0.02848035868435802,16.0,5.7427264373208,0.9946578772076287,-289.9932356712519,3.442574116419017e-05,722.3401859337573,775.2541488847211,16918737.99372946,409626.00564460235,21.743875439094683,0.0005037009814915803,6435.2859585686765,666.9296357062083,-0.026611671984108812,-13.901562900601421,0.43193562563265037,False
52,0.026560877829466867,16.0,6.136701621099343,0.9962402726021476,-328.3419611926064,4.1603246009103145e-05,722.2516370613697,776.0675001175038,18141408.1884568,439228.53913572273,25.000172893156126,0.00057913372705865,6900.346197636474,715.1267877550528,-0.02720929662211903,-14.019695812219027,0.4330160895959379,False
53,0.0247707635599171,16.0,6.558208413439891,0.9974179466990417,-371.3150799247503,5.0277147262800526e-05,722.1857358879454,776.6728246033073,19452437.361591913,470970.3654867142,28.744123670059142,0.0006658630539564463,7399.015048249163,766.8070140912769,-0.027801320161290565,-14.132935533672544,0.4340742244094269,False
54,0.02310129700083159,16.0,7.009195691066928,0.9982726440666455,-419.3664537798562,6.0761675285236905e-05,722.1379080894089,777.1121390502558,20858210.971043974,505006.0854496255,33.04875726622812,0.0007655807042633242,7933.721311398706,822.2220268176841,-0.02838724318611357,-14.241415848811013,0.43511028936382784,False
55,0.021544346900318832,16.0,7.4917514496762445,0.9988764449507905,-472.96703255692364,7.343756184052808e-05,722.104120145117,777.4224927047062,22365575.93402657,541501.472343378,37.99803985604752,0.0008802317702682821,8507.06931077759,881.6417285714955,-0.028966502755082228,-14.345257793678604,0.4361245509904898,False
56,0.02009233002565047,16.0,8.008112785793973,0.999290857170264,-532.5965698398525,8.87661221404823e-05,722.0809301542556,777.6355005855157,23981873.97543961,580634.2794641335,43.68851213589264,0.0010120526354372899,9121.85157731676,945.355527103737,-0.02953846139250792,-14.444569888934794,0.43711728244490183,False
57,0.01873817422860384,16.0,8.560676596985294,0.9995666192713256,-598.7317874043736,0.0001073063109231498,722.0654988510676,777.7772423054613,25714977.386246294,622595.1058449722,50.23117244676139,0.001163614597304738,9781.062450399926,1013.6737448596286,-0.03010239385936445,-14.539447953862902,0.438088762907695,False
58,0.01747528400007684,16.0,9.1520110521998,0.9997441379143474,-671.8299635593858,0.00012973538785754357,722.0555651292419,777.8684868879745,27573327.36600859,667588.3245816116,57.753641907693904,0.001337874023198042,10487.912661999813,1086.929130425435,-0.030657471018240647,-14.629974417770384,0.4390392770036861,False
59,0.016297508346206444,16.0,9.784867887777638,0.9998544285750307,-752.3066622555157,0.00015687396592389824,722.0493934014473,777.9251762875658,29565975.136331256,715833.0782456504,66.4026537930669,0.0015382300171328611,11245.844974769432,1165.4784792033774,-0.03120273987818798,-14.716217043974547,0.4399691142393955,False
60,0.01519911082952933,16.0,10.462195588647852,0.9999203954538954,-840.5059999724931,0.00018971638410514302,722.0457019771935,777.9590832633022,31702626.02546022,767564.3462335624,76.34691571155275,0.001768590722729288,12058.550950254781,1249.7043712082227,-0.03173709858822191,-14.798226967342769,0.44087856845939605,False
61,0.014174741629268049,16.0,11.187153518546609,0.9999582777644981,-936.6614523179676,0.00022946754884145548,722.0435821303469,777.978554770952,33993686.7387524,823034.0892500317,87.78040041639906,0.0020334495554535357,12929.988928899635,1340.0170344495984,-0.032259264697827125,-14.876035910477183,0.4417679373217602,False
62,0.013219411484660288,16.0,11.963127067689923,0.9999791044187393,-1040.8447147198863,0.0002775876348670714,722.0424166967548,777.989259671232,36450316.0452512,882512.4764999278,100.92612943756912,0.002337972851171118,13864.403309415444,1436.8563429757824,-0.03276773434771729,-14.949652376271024,0.4426375217927912,False
63,0.012328467394420659,16.0,12.793743891274595,0.999990032317417,-1152.8995304267455,0.00033584633506977823,722.0418051851763,777.9948766111523,39084479.127239816,946289.2015660284,116.04052333926244,0.0026881006406839834,14866.34522141763,1540.6939593105544,-0.033260729080495405,-15.019056502194454,0.4434876256611561,False
64,0.011497569953977356,16.0,13.682891317477429,0.9999954868255897,-1272.3566582141325,0.0004063887132665922,722.041499957703,777.997680228353,41909005.85748589,1014674.8933815719,133.4184034589312,0.003090662515959544,15940.694692015924,1652.035631718014,-0.03373612548236878,-15.084193083015775,0.44431855507146306,False
65,0.010722672220103232,16.0,14.634735009301181,0.9999980675605077,-1398.3252395662403,0.0004918151588004793,722.0413555429961,777.9990067261009,44937653.28802075,1088002.6291698788,153.39874269170355,0.003553510848138052,17092.68441432262,1771.423657484344,-0.03419136056964913,-15.144961986944462,0.44513061807726495,False
66,0.01,16.0,15.653738970704305,0.9999992206404591,-1529.3547006471117,0.0005952784870946193,722.0412910180804,777.9995994091959,48185172.65480909,1166629.5567199138,176.3712774950035,0.004085673955868466,18327.925233644863,1899.439524214104,-0.03462330217154993,-15.20120473845695,0.4459241242134109,False
67,0.0093260334688322,16.0,16.744686993980032,0.999999705200636,-1663.259937744548,0.0007206018998386909,722.0412639026974,777.9998484731268,51667381.22465992,1250938.6338991965,202.78411008711544,0.004697532211674106,19652.43347549328,2036.7067420056667,-0.035028067551679865,-15.252685293741948,0.4466993840876114,False
68,0.008697490026177835,16.0,17.91270565234999,0.9999998958910923,-1796.900821357512,0.0008724223425029543,722.0412532318973,777.9999464880212,55401239.33431442,1341340.4938764803,233.1524491281655,0.005401020521478502,21072.66024850986,2183.8938803001124,-0.03540076331801164,-15.29906174904477,0.4474567089910336,False
69,0.008111308307896872,16.0,19.16328894924302,0.999999965841748,-1925.9049274222011,0.001056364813324162,722.0412493175459,777.9999824426584,59404932.99693437,1438275.4451388887,268.06865937922305,0.006209861126856633,22595.522865037034,2341.717824194747,-0.03573510170587363,-15.33984341102495,0.44819641052769804,False
70,0.007564633275546291,16.0,20.502324743777248,0.9999999896421145,-2044.319741547079,0.0012792544352258073,722.0412479857071,777.9999946760468,63697962.47833221,1542215.6160447367,308.2138163681545,0.007139831271051877,24228.438532363994,2510.9472660813594,-0.03602281520157387,-15.374323295172598,0.44891880026240305,False
71,0.007054802310718645,16.0,21.93612308059212,0.9999999971134956,-2144.177189008564,0.0015493746628489902,722.0412475676179,777.9999985163367,68301237.27435908,1653667.2543572292,354.37099144751886,0.008209070949851405,25979.360478745813,2692.4064496154756,-0.03625272710420609,-15.401467407034179,0.4496241893868728,False
72,0.006579332246575682,16.0,23.471446561428927,0.9999999992651786,-2214.948858401379,0.0018767819427893961,722.0412474472124,777.9999996223019,73237177.95204493,1773173.1929590649,407.4405263828159,0.00943843675030799,27856.816690149553,2886.979184251863,-0.03640920228157741,-15.419723575114833,0.4503128884037852,False
73,0.006135907273413169,16.0,25.115542905778437,0.9999999998302168,-2242.863890932388,0.0022736895843440408,722.0412474155936,777.9999999127314,78529825.35051501,1901315.4937573927,468.4575954171793,0.010851908679285703,29869.9514463975,3095.6131498993773,-0.03646940372441544,-15.426669603141256,0.45098520682830606,False
74,0.005722367659350214,16.0,26.87617985855074,0.9999999999646406,-2210.0508919273343,0.0027549366752530613,722.0412474080714,777.9999999818251,84204957.67355257,2038718.2826564254,538.612397378104,0.012477057917426138,32028.56985901188,3319.324512661231,-0.036398042345476674,-15.418310314329235,0.4516414529067385,False
75,0.005336699231206307,16.0,28.761682614127707,0.9999999999934114,-2093.4422541724416,0.0033385617879597707,722.0412474064615,777.9999999966135,90290216.04411705,2186050.789405662,619.2733716934201,0.014345584622543407,34343.18562768624,3559.202874142028,-0.03613623153497062,-15.38751016228775,0.4522819333518637,False
76,0.0049770235643321085,16.0,30.780973938386214,0.9999999999989103,-1863.3070910813622,0.0040465062359149595,722.0412474061537,777.9999999994398,96815239.13233732,2344030.6071294835,712.013891168052,0.016493936272839467,36825.072247983975,3816.4165784274305,-0.03557407429443608,-15.319908253065279,0.4529069530945359,False
77,0.004641588833612777,16.0,32.94361718339309,0.9999999999998415,-1480.9211195114476,0.004905478131796537,722.0412474061015,777.9999999999185,103811807.51269644,2513427.187413902,818.6429521908298,0.01896401861134163,39486.317919675224,4092.218402584523,-0.034465728421270686,-15.180313561743628,0.453516815051077,False
78,0.004328761281083057,16.0,35.25986240353127,0.9999999999999799,-891.3769808696277,0.005948017002512351,722.0412474060938,777.9999999999898,111313998.45350942,2695065.587973525,941.2404610144603,0.02180401305924289,42339.88442314659,4387.951658398829,-0.03201723500121458,-14.839597076357167,0.45411181990600546,False
79,0.004037017258596553,16.0,37.74069579689136,0.9999999999999978,4214.73660603124,0.007213809998067644,722.0412474060929,777.9999999999989,119358351.89260595,2889830.49115199,1082.1978044027655,0.025069316542608102,45399.670250645555,4705.056735066903,nan,nan,0.45469226590961614,False
80,0.0037649358067924675,16.0,40.39789271192587,0.9999999999999998,1025.1514073453159,0.00875132592365735,722.0412474060927,777.9999999999999,127984048.40761517,3098670.5128282714,1244.26449601615,0.028823622064703833,48680.57829984441,5045.078114711148,nan,nan,0.45525844868993043,False
81,0.003511191734215131,16.0,43.24407447669523,1.0,2630.1617857001293,0.010619854124856332,722.0412474060927,778.0,137233100.04766825,3322602.822715674,1430.6018084196066,0.033140161101593756,52198.58845943019,5409.671894886402,nan,nan,0.4558106610785213,False
82,0.0032745491628777285,16.0,46.29276932661635,1.0,4760.5844862231625,0.01289206427126155,722.0412474060927,778.0,147150554.95597795,3562718.098556994,1644.844436859093,0.03810313205516534,55970.835440253315,5800.613854717162,nan,nan,0.45634919294971915,False
83,0.0030538555088334154,16.0,49.558477726551345,1.0,7573.846520946472,0.015657244412247806,722.0412474060927,778.0,157784716.77992392,3820185.8383456096,1891.1713976197925,0.04380934262699007,60015.692231117384,6219.808103952165,nan,nan,0.4568743310727026,False
84,0.002848035868435802,16.0,53.05674240443677,1.0,11253.136066611434,0.019025434931941865,722.0412474060927,778.0,169187379.93729457,4096260.0564460233,2174.3875439094677,0.050370098149158035,64352.859585686754,6669.296357062082,nan,nan,0.45738635897597457,False
85,0.0026560877829466868,16.0,56.804223436563866,1.0,16024.092701500653,0.023132766190953724,722.0412474060927,778.0,181414081.88456798,4392285.391357227,2500.0172893156127,0.057913372705864996,69003.46197636474,7151.267877550527,nan,nan,0.4578855568237327,False
86,0.0024770763559917113,16.0,60.818778749181334,1.0,22165.94062292196,0.028148446544286276,722.0412474060927,778.0,194524373.61591902,4709703.65486714,2874.4123670059107,0.06658630539564458,73990.15048249159,7668.070140912765,nan,nan,0.4583722013036416,False
87,0.0023101297000831605,16.0,65.11955042743023,1.0,30024.12453862041,0.03428406856060162,722.0412474060927,778.0,208582109.71043965,5050060.854496254,3304.8757266228085,0.07655807042633234,79337.21311398702,8222.220268176838,nan,nan,0.45884656552551834,False
88,0.002154434690031882,16.0,69.72705725086097,1.0,40025.561006775824,0.04180626669635257,722.0412474060927,778.0,223655759.34026578,5415014.723433782,3799.8039856047567,0.08802317702682831,85070.69310777594,8816.41728571496,nan,nan,0.45930891893045583,False
89,0.002009233002565046,16.0,74.66329390506085,1.0,52697.2313087348,0.05105438996005418,722.0412474060927,778.0,239818739.75439626,5806342.79464134,4368.851213589268,0.1012052635437291,91218.51577316764,9453.555271037376,nan,nan,0.4597595272099065,False
90,0.001873817422860383,16.0,79.95183735139044,1.0,68688.89106573042,0.062465995722975176,722.0412474060927,778.0,257149773.86246306,6225951.058449726,5023.117244676145,0.11636145973047396,97810.62450399931,10136.737448596292,nan,nan,0.46019865223426315,False
91,0.001747528400007683,16.0,85.61796087163735,1.0,88800.81375992228,0.07661516808572078,722.0412474060927,778.0,275733273.66008604,6675883.245816118,5775.364190769397,0.13378740231980432,104879.12661999818,10869.291304254357,nan,nan,0.4606265519904824,False
92,0.0016297508346206436,16.0,91.68875634172642,1.0,114017.67654625486,0.09427320173800213,722.0412474060927,778.0,295659751.3633127,7158330.782456509,6640.265379306697,0.15382300171328628,112458.4497476944,11654.784792033783,nan,nan,0.46104348052830146,False
93,0.0015199110829529332,16.0,98.19326532864882,1.0,145549.93455923855,0.11651142991448937,722.0412474060927,778.0,317026260.2546022,7675643.462335622,7634.691571155273,0.1768590722729287,120585.50950254778,12497.043712082224,nan,nan,0.4614496879146152,False
94,0.0014174741629268048,16.0,105.16261964768975,1.0,184884.32084285596,0.14489185854322995,722.0412474060927,778.0,339936867.387524,8230340.892500318,8778.040041639906,0.20334495554535356,129299.88928899633,13400.170344495986,nan,nan,0.46184542019558733,False
95,0.0013219411484660286,16.0,112.63019206305012,1.0,233845.463388927,0.18186759010360665,722.0412474060927,778.0,364503160.452512,8825124.76499928,10092.612943756913,0.23379728511711184,138644.03309415447,14368.563429757824,nan,nan,0.46223091936608135,False
96,0.0012328467394420659,16.0,120.63175786430124,1.0,294671.04180688877,0.231796672844381,722.0412474060927,778.0,390844791.2723982,9462892.015660284,11604.052333926245,0.2688100640683983,148663.4522141763,15406.939593105546,nan,nan,0.46260642334601226,False
97,0.0011497569953977356,16.0,129.20566810401547,1.0,370103.43018869264,0.3044893130517612,722.0412474060927,778.0,419090058.5748589,10146748.933815718,13341.840345893113,0.3090662515959543,159406.94692015924,16520.35631718014,nan,nan,0.46297216596322527,False
98,0.0010722672220103231,16.0,138.39303533864592,1.0,463501.4096838833,0.4457273505907551,722.0412474060927,778.0,449376532.8802076,10880026.29169879,15339.87426917036,0.3553510848138052,170926.8441432262,17714.236574843442,nan,nan,0.4633283769425266,False
99,0.001,16.0,148.23793277555518,1.0,578976.3083690077,0.4404937539247473,722.0412474060927,778.0,481851726.5480909,11666295.567199139,17637.12774950035,0.4085673955868465,183279.2523364486,18994.39524214104,nan,nan,0.4636752819005022,False
